H1_TotalPersistence,PricingError
0.8305575251579285,1.882760354225254e-07
0.8121728301048279,1.1805526121705812e-07
0.8093999624252319,1.3292130185351032e-07
0.8117649555206299,1.4932165916573502e-07
0.8213928937911987,1.679516960261581e-07
0.8100607991218567,1.0853851300260224e-07
0.8106397390365601,1.2330845117203282e-07
0.8019906878471375,1.5151890748392287e-07
0.8053368926048279,9.790916144589851e-08
0.8001280426979065,1.4460866032644897e-07
0.7840536832809448,1.1215323188163914e-07
0.7836528420448303,1.316591098706344e-07
0.7802206873893738,1.9465957026777898e-07
0.7862404584884644,1.8086311286916873e-07
0.7874575853347778,1.497548778087686e-07
0.7847252488136292,1.132401421449292e-07
0.786800742149353,1.0666134137536903e-07
0.7811095118522644,2.0751029235129568e-08
0.7797001600265503,2.5832964653971658e-08
0.7604478597640991,7.868354025860995e-08
0.7555995583534241,8.272020656212992e-08
0.7451956868171692,1.1130516747778069e-07
0.6844997406005859,1.776791836549229e-07
0.7884961366653442,2.6267736987981016e-07
0.8139125108718872,1.761322359484889e-07
0.8309744596481323,2.6038685511714163e-07
0.8566523194313049,3.5886758974418634e-07
0.8536251187324524,3.2343977016298375e-07
0.8428646326065063,2.784714408124271e-07
0.8420246839523315,2.6905378254331314e-07
0.8465470671653748,2.200510406343871e-07
0.8568820357322693,1.7666730867007922e-07
0.8557987809181213,1.6847091309328543e-07
0.8528686165809631,1.6895726217451904e-07
0.8519708514213562,1.6088194633770946e-07
0.8524658679962158,1.4819518032085227e-07
0.8599860668182373,1.30274448063546e-07
0.8652927279472351,9.32975658363925e-08
0.8642758131027222,1.2876910338130605e-07
0.8643366098403931,1.299794840463591e-07
0.8676283359527588,1.6005431539996805e-07
0.8666789531707764,1.4755871553286115e-07
0.8703338503837585,1.405889073721224e-07
0.8703491687774658,1.3627069393425464e-07
0.8564249277114868,1.6564880876831709e-07
0.8556069731712341,1.7249686048363515e-07
0.8632586002349854,1.5493072167186393e-07
0.8621488213539124,1.4270218992194425e-07
0.8671775460243225,1.5389915176662952e-07
0.8763723373413086,1.5901939080993112e-07
0.8757163286209106,1.562273513088571e-07
0.8740342259407043,1.688561581277264e-07
0.8815677165985107,1.941353827026801e-07
0.8819602131843567,1.8568429733579507e-07
0.876222550868988,1.8828045734585637e-07
0.8883856534957886,2.3425706629663298e-07
0.9160889983177185,2.747190692704675e-07
1.025199294090271,1.7061850782250712e-07
1.0754412412643433,2.0617429377168053e-07
1.0740293264389038,2.201111542251416e-07
1.0580685138702393,1.6891288606300965e-07
1.055423378944397,2.2237766867739053e-07
1.0624750852584839,1.8714350211472205e-07
1.0836374759674072,1.7592155182556343e-07
1.0824640989303589,1.547120322439692e-07
1.116694688796997,2.031617836652927e-07
1.1056843996047974,1.789980887839139e-07
1.1264138221740723,1.5479914216979564e-07
1.1200852394104004,1.8130766247549668e-07
1.1232367753982544,1.7775500854447582e-07
1.1211920976638794,1.852755191354867e-07
1.1224970817565918,1.7014724270052878e-07
1.1169003248214722,1.6045518094927325e-07
1.1180799007415771,1.6270650900684566e-07
1.1173804998397827,1.6445359011770314e-07
1.1458758115768433,1.9826892938470259e-07
1.138177514076233,1.9493919360506762e-07
1.1772191524505615,2.109713763305543e-07
1.1876343488693237,2.2006528253284627e-07
1.1891621351242065,1.9182684276924586e-07
1.1299279928207397,1.773396836397996e-07
1.0794768333435059,2.0379651578588884e-07
1.0960787534713745,1.703857273782812e-07
0.8481296896934509,1.4523584762875935e-07
0.8510452508926392,1.2710270648973697e-07
0.8029159903526306,1.033140252966469e-07
1.0003055334091187,1.2949063434345397e-07
0.9854226112365723,1.6022541919494607e-07
0.9876831769943237,1.4849249359337804e-07
0.9906591773033142,1.459012141167941e-07
1.0051257610321045,1.525389063030541e-07
1.0087586641311646,1.6071530017317676e-07
1.017274022102356,1.786656786987792e-07
1.0138766765594482,1.6490231831379695e-07
1.022637128829956,1.7432503256111648e-07
1.025545597076416,1.8934449309794196e-07
1.0409505367279053,1.678088009673083e-07
1.0488287210464478,1.776143574989779e-07
1.0640568733215332,1.7211333078626795e-07
1.0583946704864502,1.6640391276630945e-07
1.056510090827942,1.60960011461736e-07
1.0635626316070557,1.7273618379849004e-07
1.056960105895996,1.6852548956163005e-07
1.0585952997207642,1.7434545606818605e-07
1.0657868385314941,1.669675794781396e-07
1.0703457593917847,1.6019720494586664e-07
1.056398868560791,1.7779698510602543e-07
1.0574462413787842,1.7991819910995188e-07
1.059546709060669,1.9659013962645272e-07
1.058629035949707,2.0302990740841617e-07
1.0551319122314453,1.869816432858648e-07
1.0322883129119873,1.6927438675588824e-07
1.0253026485443115,1.6628116332505563e-07
1.0153580904006958,1.554478612838129e-07
0.9923912286758423,2.0063160384485926e-07
0.9959966540336609,1.9312094331341845e-07
0.9953180551528931,2.1393752268599603e-07
0.9864485263824463,1.9640505489288904e-07
0.9461274743080139,1.8129087848766864e-07
0.9559233784675598,2.0365278488500976e-07
0.9776263236999512,2.1921959149611564e-07
0.9819983839988708,2.1802087704983486e-07
0.9687144756317139,2.2384199749141132e-07
0.9605352282524109,2.1543956073158746e-07
0.964841902256012,2.2964283514321712e-07
0.9676095843315125,2.085518637589233e-07
0.9668526649475098,2.450670767793067e-07
0.968187689781189,2.3589057021730295e-07
0.9698329567909241,2.2786668647106767e-07
0.9969919919967651,2.0608777766967235e-07
1.0110739469528198,2.0638460772499923e-07
0.9724439978599548,1.863933374660065e-07
0.9761986136436462,1.409795076727071e-07
0.9721299409866333,1.184981758563762e-07
0.9691649079322815,1.3356509052692318e-07
0.8568313121795654,5.3922729612953905e-08
0.8499031662940979,4.46825061037044e-08
0.7980990409851074,1.1709451619261457e-07
0.790580153465271,7.824448954691591e-08
0.7782358527183533,1.2460842356825513e-07
0.7832063436508179,1.1287519116522787e-07
0.7643458247184753,3.5595929122030426e-08
0.7617834210395813,6.810133508321475e-08
0.7437765598297119,1.0139906059919955e-07
0.7549741864204407,1.1891315186826276e-07
0.7187283039093018,3.332235846872618e-08
0.6762522459030151,8.630946015026654e-08
0.7104384899139404,2.3707754226193634e-08
0.7050228118896484,1.0252758911278529e-07
0.7067790031433105,1.1699216723680666e-07
0.6767311096191406,5.284095703101408e-08
0.6708720922470093,3.185262807502273e-08
0.8090405464172363,9.260626240598525e-08
0.8046147227287292,1.1060003809310309e-07
0.8036596179008484,9.747266845115503e-08
0.7823549509048462,1.59084857322459e-08
0.7774838209152222,3.52549081386735e-09
0.7691228985786438,5.8972958583917556e-08
0.7419198751449585,1.7045657575189e-07
0.7418224811553955,1.6519727513253195e-07
0.7402145862579346,2.1128745163211983e-07
0.7397221922874451,1.818558087345653e-07
0.7516672015190125,1.8326808212698088e-07
0.732564389705658,3.027239742284249e-07
0.7588369250297546,4.0715454782073307e-07
0.7607051134109497,3.9915669953864696e-07
0.7700775265693665,4.812245925716295e-07
0.7699577212333679,4.14684801258898e-07
0.7699353694915771,4.2787691564415836e-07
0.7445104718208313,3.2981741684067964e-07
0.7432314157485962,2.936340201470985e-07
0.743655800819397,2.548038330635761e-07
0.7298681735992432,1.596254842355961e-07
0.7098485231399536,2.790358438386955e-07
0.7245666980743408,3.2654519604730786e-07
0.7123477458953857,4.351382182059965e-07
0.7006776332855225,4.3007643695490427e-07
0.7013663649559021,4.094694300428407e-07
0.7060807943344116,3.251150470988222e-07
0.7099616527557373,3.408868344185502e-07
0.7001304030418396,4.231111830526116e-07
0.7099507451057434,5.37008705200296e-07
0.7072889804840088,4.784613011339471e-07
0.7011914253234863,5.743188521050227e-07
0.7005471587181091,6.657283803412385e-07
0.6873342394828796,7.907680896826474e-07
0.6889517307281494,9.266836544837703e-07
0.6381503343582153,7.496972500107418e-07
0.6373308897018433,7.750375891702257e-07
0.6271849870681763,7.585654846460968e-07
0.6167657375335693,7.231755379771658e-07
0.6196937561035156,6.367979381023507e-07
0.6555946469306946,8.006017644850497e-07
0.6348958611488342,6.335945961105129e-07
0.6365590691566467,6.303225743614811e-07
0.6490655541419983,3.9315768108781277e-07
0.647113561630249,3.2310029062171744e-07
0.6617059707641602,4.4320860871204654e-07
0.6636611819267273,4.1236780899634937e-07
0.6694325804710388,5.404620470380456e-07
0.663623571395874,4.5364854657113304e-07
0.6678134202957153,3.4698793234294763e-07
0.6632486581802368,3.406999931052958e-07
0.6631027460098267,3.476130039474501e-07
0.6468912959098816,4.1672134376731507e-07
0.6433627009391785,2.336183051070747e-07
0.6313711404800415,3.840415527976357e-07
0.639188826084137,2.2001401792722149e-07
0.6404560804367065,1.547103247186805e-07
0.6431670188903809,2.1090505934566461e-07
0.6410618424415588,1.6425874989995856e-07
0.6454198956489563,1.955699021143585e-07
0.5954529047012329,2.0004634919542838e-07
0.5599270462989807,9.994008318223863e-08
0.556358814239502,7.518363970461387e-08
0.5661390423774719,2.3099682181317895e-07
0.5663341283798218,2.6712645749484183e-07
0.5723113417625427,2.1530647963141115e-07
0.5795800685882568,1.0418319355170232e-07
0.576873242855072,4.012430661589684e-08
0.5791103839874268,1.643880808866881e-08
0.5787248015403748,4.653216645382702e-08
0.5825966000556946,4.970136590384377e-08
0.5942717790603638,8.19551642996792e-08
0.6083662509918213,1.591578570486231e-07
0.6197653412818909,1.472014578481626e-07
0.6098711490631104,2.101726387499208e-07
0.6130529046058655,1.2900960919145187e-07
0.6127125024795532,1.339112508530211e-07
0.6316837668418884,1.313134158546325e-08
0.6306318640708923,1.9046769878932083e-08
0.6331415772438049,3.9945079079682904e-08
0.6260830163955688,2.7965647252499665e-08
0.6417800784111023,7.903907949023768e-08
0.6439077258110046,5.134448105781819e-08
0.6574982404708862,1.0611785491900904e-07
0.6481449604034424,7.264750217551592e-08
0.6397073864936829,1.4149494204313082e-07
0.640199601650238,1.415493515615797e-07
0.6385980248451233,1.5120063903630195e-07
0.6538017988204956,2.401281236428642e-07
0.669914960861206,3.3567901258982347e-07
0.6687630414962769,3.3427821323310514e-07
0.6558316946029663,3.888067746666418e-07
0.6722425818443298,4.6089045663234504e-07
0.7028246521949768,5.988259402745985e-07
0.6904942393302917,6.048841463511534e-07
0.8021573424339294,3.7879530000520245e-07
0.7976751327514648,3.812466550174101e-07
0.7826305627822876,3.7200611448197016e-07
0.785639762878418,3.5070899939097094e-07
0.7624857425689697,3.4789400414625415e-07
0.774742841720581,4.2481235738595774e-07
0.8283132314682007,3.3057691530393243e-07
0.8006919622421265,3.17958788606347e-07
0.8018996715545654,2.9085258391103527e-07
0.7956736087799072,2.835443997251802e-07
0.7968177199363708,2.989734644302973e-07
0.7979748249053955,3.040506725460364e-07
0.8026883602142334,3.314539495304254e-07
0.8323073387145996,2.7413139148295754e-07
0.833450973033905,2.650584972141781e-07
0.8339900970458984,2.5710506591607174e-07
0.8326886296272278,2.4874926917318324e-07
0.8651449084281921,2.950922258111721e-07
0.8747433423995972,2.936539487859158e-07
0.8681378960609436,3.050537533588922e-07
0.8625216484069824,3.0105014097022917e-07
0.8776744604110718,3.124881687525255e-07
0.9147042632102966,3.5078132445704596e-07
1.0288199186325073,2.5915886068747507e-07
0.9731669425964355,2.4367779851916516e-07
0.9693430662155151,2.5078984200324964e-07
1.0715311765670776,2.4175914456079847e-07
1.0776238441467285,2.1143884174849165e-07
1.0704225301742554,2.5301464632535714e-07
1.0870857238769531,2.5698688738617567e-07
1.0532541275024414,2.4223256580354485e-07
1.052148461341858,2.446084633369455e-07
1.04020094871521,2.099449518937896e-07
1.034379482269287,2.1044809801100753e-07
0.9270753860473633,1.7662916791108194e-07
0.9233721494674683,1.939091649211938e-07
0.9166594743728638,2.086343355240175e-07
0.932122528553009,2.3055126477291438e-07
0.9343448281288147,2.086221740698821e-07
0.9380848407745361,1.701022935584641e-07
0.9477139711380005,1.757644197619094e-07
0.9545775055885315,1.6529619356782377e-07
0.9411852359771729,1.3898799171882352e-07
0.9425355195999146,1.453565900734477e-07
0.9496946334838867,1.2833871985669723e-07
0.9486873745918274,1.0755239176736889e-07
0.950610876083374,1.1717153498109686e-07
0.9375512599945068,9.92321324121831e-08
0.9603644013404846,8.233571695758727e-08
0.9380755424499512,1.3210733622271917e-07
0.9705393314361572,1.0596265459517085e-07
0.9655425548553467,1.1720404156229103e-07
0.9434370398521423,1.535317160580342e-07
0.9357669353485107,1.801002919683218e-07
0.9425477385520935,1.6239450590792466e-07
0.9452696442604065,1.3137786297225118e-07
0.9370673298835754,1.3684575051386635e-07
0.9389907121658325,1.1717336226204494e-07
0.9410779476165771,8.5214975599642e-08
0.9584252834320068,1.506511200202905e-07
0.9522002935409546,1.5374583733581727e-07
0.9451473355293274,1.6701195044012233e-07
0.9330548644065857,1.6840533790542754e-07
0.9329701066017151,1.6798910181512784e-07
0.9236194491386414,1.2626713159985883e-07
0.9185824394226074,1.269601219782649e-07
0.9141979813575745,1.206875997195045e-07
0.9126901626586914,1.0281179937173673e-07
0.90435391664505,1.3113650457153778e-07
0.9048397541046143,1.2970958174229365e-07
0.9066474437713623,1.2629458020748177e-07
0.9070391058921814,1.3382411396091823e-07
0.922938883304596,1.1476489955781523e-07
0.9237427711486816,1.315063816414823e-07
0.9204315543174744,1.4878140830389304e-07
0.918179988861084,1.407911249043381e-07
0.915580689907074,1.4546981504689853e-07
0.9074230790138245,1.3711465307142227e-07
0.9057123064994812,1.1700983376487784e-07
0.9032737016677856,9.471861101624946e-08
0.9215479493141174,7.120340267581255e-08
0.9164609313011169,6.918705082231604e-08
0.9103450775146484,8.100896833548865e-08
0.8822770118713379,7.614280506768826e-08
0.8809107542037964,8.604731968674204e-08
0.8798162341117859,8.259681911538565e-08
0.7404559254646301,6.724480595705212e-08
0.7469046711921692,7.590528240404137e-08
0.7493607401847839,3.215115379603863e-08
0.869134783744812,3.378147457507854e-08
0.8817228674888611,5.809905877652687e-08
0.8697613477706909,3.5188787933157755e-08
0.8299211263656616,1.698767210985019e-08
0.8226561546325684,1.4415269032570571e-08
0.8770825266838074,8.684675832106546e-08
0.8662185668945312,1.0629291708982337e-07
0.8673129677772522,6.734824307670726e-08
0.841515302658081,3.174201112832219e-08
0.8198541402816772,9.570865559804798e-08
0.7748988270759583,7.465251951452225e-08
0.774590790271759,6.159612716313389e-08
0.7538890838623047,9.73180971583238e-08
0.7593603134155273,1.520790902126857e-07
0.7551297545433044,1.428183909351656e-07
0.7450481653213501,1.6067080276871773e-07
0.7474391460418701,1.6345541851026796e-07
0.7171986699104309,1.0353756837197352e-07
0.7234469056129456,1.6154133971680099e-07
0.6823294758796692,1.959933535341206e-07
0.6989682912826538,1.48210524888049e-07
0.6940386295318604,1.51173037194266e-07
0.6966858506202698,1.2462671839788206e-07
0.7371566295623779,6.8164617414955e-08
0.7184551954269409,5.7721811425655994e-08
0.7100969552993774,8.461549959185369e-08
0.7108054161071777,8.540932304088554e-08
0.7055313587188721,7.37533436771104e-08
0.7138057351112366,7.50106473255659e-08
0.7332941293716431,8.393735042612482e-08
0.7493928074836731,6.780012678337614e-08
0.7545310258865356,5.331552561070596e-08
0.7744485139846802,3.1636568240231595e-08
0.7770392298698425,4.5663756642968806e-08
0.7790448665618896,5.023290385681913e-08
0.7934418320655823,8.986570142785304e-08
0.7923648357391357,4.991848293707177e-08
0.7926508188247681,4.612545829118207e-08
0.8034203052520752,3.3006814137068446e-08
0.8058250546455383,3.240820060516946e-08
0.8064915537834167,1.2018661343086339e-08
0.8061551451683044,1.0833282876532768e-08
0.8027450442314148,1.0827421495490782e-08
0.7733307480812073,1.3456205958523038e-08
0.7582790851593018,2.7376369617050037e-08
0.7556326389312744,3.1346419615270286e-08
0.7519679069519043,1.6183308977841052e-09
0.7525379657745361,1.3088723086049012e-08
0.7493810653686523,4.146728887881052e-08
0.7475528120994568,7.747810098162168e-09
0.7508190274238586,1.3539103655151215e-08
0.7410960793495178,3.124849532067488e-08
0.7434253096580505,4.232332499515181e-08
0.7779999375343323,3.309226411949903e-08
0.7866361737251282,1.944560811602703e-08
0.7852350473403931,1.495067670953163e-08
0.8008940815925598,1.3292613026488981e-08
0.7857691645622253,3.791608609092327e-08
0.7668411731719971,2.7095194731429316e-08
0.7717743515968323,4.5929311050805013e-08
0.731797993183136,7.659146679394897e-08
0.7075732946395874,8.784888646585533e-08
0.7187166213989258,1.364446147128582e-07
0.7662094235420227,1.6811024312370082e-07
0.7838871479034424,1.5265975286562865e-07
0.817154049873352,1.5057091523888906e-07
0.8410341739654541,1.3268758251513968e-07
0.8449305295944214,1.5706370650164087e-07
0.8450914621353149,1.6859429248484124e-07
0.8671203255653381,1.194141504325119e-07
0.912144124507904,1.5918164128535597e-07
0.918953537940979,1.649520765616662e-07
0.9346871972084045,1.4058857134035575e-07
0.9499896168708801,1.2169727067225244e-07
0.9508904814720154,1.2786289755760058e-07
0.9617577195167542,1.1179735757288478e-07
0.9590795636177063,1.2722358911179156e-07
1.0551819801330566,1.6568606505708294e-07
1.0684787034988403,1.448234110868092e-07
1.061510443687439,1.431559673551082e-07
1.0592705011367798,1.3615668708320296e-07
1.0737680196762085,1.1770943386928828e-07
1.0660910606384277,1.403390196652414e-07
1.0952959060668945,1.514915694915929e-07
1.104802131652832,1.4838965411035493e-07
1.1217249631881714,1.1541433215492454e-07
1.1073788404464722,1.074251103831518e-07
1.1025177240371704,1.0117172958971389e-07
1.0827429294586182,1.052913089732814e-07
1.063714861869812,9.255381023913489e-08
1.0415586233139038,1.0007280794289107e-07
1.035944938659668,1.017060488812168e-07
1.032065987586975,1.075550624478859e-07
1.0301709175109863,1.0671989946441085e-07
1.0368481874465942,1.0859905261693947e-07
0.9874671697616577,1.1152772650757994e-07
1.0029127597808838,1.360420668196187e-07
1.0020886659622192,1.4092725201999418e-07
1.0076175928115845,1.4992027016135986e-07
1.0237122774124146,1.3683568171217117e-07
1.0353580713272095,1.4508227580423139e-07
1.0521481037139893,1.6041647169125206e-07
1.0606801509857178,1.4433971500665832e-07
1.0458953380584717,1.840667089008513e-07
1.102310299873352,1.9747838086656144e-07
1.111668586730957,1.8336990924771798e-07
1.138360857963562,1.6486612456050737e-07
1.1103593111038208,1.9920766269497167e-07
1.1108605861663818,1.9998725020843947e-07
1.1180508136749268,1.9317749917107177e-07
1.1108736991882324,1.8289338553269946e-07
1.0887320041656494,1.7774479116458228e-07
1.0742398500442505,1.935147326305453e-07
1.050596833229065,1.7673033796215126e-07
1.044542670249939,1.9357240656821956e-07
1.0272468328475952,1.8270168289456074e-07
1.015921711921692,1.8916629017156836e-07
1.0135432481765747,1.8869505326530103e-07
1.0273370742797852,1.9968847406789253e-07
1.0525126457214355,1.9634933755416015e-07
1.0632041692733765,1.8172008581663485e-07
1.053909182548523,1.8159948820747895e-07
1.0393915176391602,1.5586525165455986e-07
1.0119787454605103,1.514912125479516e-07
1.0016201734542847,1.6955073906888343e-07
1.0057096481323242,1.795405806829728e-07
1.0128016471862793,1.7880753344591202e-07
1.2828903198242188,2.0856804358376432e-07
1.298895239830017,2.2124676409820618e-07
1.257192611694336,2.739712329172944e-07
1.2556710243225098,2.7089587109402e-07
1.2518017292022705,2.837601638643744e-07
1.2574207782745361,2.856084234323375e-07
1.222427248954773,3.1356446281898334e-07
1.244054913520813,3.082594508957426e-07
1.2439205646514893,3.24406020010045e-07
1.2274110317230225,3.0811316635310365e-07
1.2329214811325073,3.025361611447633e-07
1.2310833930969238,3.067992370366264e-07
1.2341375350952148,3.2623421158386665e-07
1.2243033647537231,3.1838441290604064e-07
1.165088415145874,2.877018504257242e-07
1.0768624544143677,2.1390171929709656e-07
1.0624676942825317,1.7364168478583263e-07
1.0616884231567383,1.7635705307239048e-07
0.9581204652786255,9.303579275911095e-08
0.9729350805282593,1.3010446523169933e-07
0.92595374584198,3.033548492937209e-07
0.9049012660980225,2.3182959678976107e-07
0.8795316815376282,3.2409332251020703e-07
0.8654891848564148,2.359684920501346e-07
0.8612713813781738,2.1005124551829943e-07
0.8012955784797668,6.220996909218944e-08
0.75790935754776,2.192288739591517e-07
0.7372507452964783,1.004287116892523e-07
0.663563072681427,1.8393061616047562e-07
0.6386609673500061,1.287487717614548e-07
0.6317763328552246,2.7890575090595837e-07
0.6056663393974304,2.5001966787668124e-08
0.6312174797058105,1.1374193265110272e-07
0.6297543048858643,7.388043207496708e-08
0.6268547177314758,2.5715028180092747e-07
0.6443760991096497,2.568068287573614e-07
0.6456175446510315,7.763077533557523e-08
0.6509719491004944,1.3885676979205272e-07
0.6411414742469788,8.877904171403564e-08
0.6358956098556519,7.583903076060139e-08
0.6278852820396423,1.295004252207507e-08
0.62787926197052,2.5945003818118547e-08
0.6225874423980713,1.640414902738703e-07
0.6220629811286926,8.67912488768021e-08
0.6169046759605408,1.6301407433953145e-07
0.6035591959953308,7.950903151794295e-08
0.6057937741279602,7.43705123543853e-08
0.6060979962348938,9.397552165813687e-08
0.6057114601135254,1.50649235156064e-07
0.6454154849052429,2.763809808161311e-07
0.639481246471405,4.4696225425270783e-07
0.6400811076164246,4.1954985884745666e-07
0.6379502415657043,5.357955439335392e-07
0.6439082622528076,5.141386136104601e-07
0.6468359231948853,4.521173277921911e-07
0.6418402791023254,3.4336737392390466e-07
0.6424251198768616,5.554184451276797e-07
0.647527813911438,4.61829171087471e-07
0.6474067568778992,4.808546318834598e-07
0.6472586989402771,4.0625693163601033e-07
0.5672032833099365,2.8196366492149426e-07
0.558566689491272,4.0733475718660907e-07
0.573827862739563,3.8548074176658967e-07
0.6085979342460632,2.1032946894599443e-07
0.6069360971450806,2.318155527867129e-07
0.6064730882644653,2.68727286959489e-07
0.6080844402313232,2.343857722103982e-07
0.6023674607276917,2.999979680955774e-07
0.602288007736206,3.079151533137616e-07
0.6021605134010315,3.9288331198550526e-07
0.598279595375061,3.0651168314707253e-07
0.6006073355674744,2.70165497762544e-07
0.6006441712379456,2.6272733634296035e-07
0.6009824275970459,3.3910928943017837e-07
0.6036828756332397,5.190553553054492e-07
0.6104341149330139,7.047483491164248e-07
0.6110459566116333,8.832337469503147e-07
0.6114516258239746,7.780004656759987e-07
0.6256241202354431,1.0328803935720499e-06
0.6204732656478882,9.648649674414214e-07
0.6275031566619873,6.656182067717523e-07
0.6321241855621338,7.973352033215607e-07
0.6360245943069458,6.634702897673379e-07
0.6393930912017822,8.068828871140091e-07
0.6424882411956787,9.02058977549948e-07
0.659458577632904,1.1590562525145079e-06
0.6718360185623169,8.448108151193172e-07
0.6816756725311279,1.0696475662257121e-06
0.7249033451080322,1.3734276012667204e-06
0.7642509937286377,9.727873284456207e-07
0.800974428653717,1.2524870955810813e-06
0.8264511227607727,9.134999114099665e-07
0.7996765375137329,9.664874529961842e-07
0.8003345131874084,9.567799048116124e-07
0.8077910542488098,1.1065672424846046e-06
0.7836616635322571,1.11029083309927e-06
0.7409243583679199,8.650214759963956e-07
0.7423756122589111,8.931466428437757e-07
0.7558304071426392,7.988466198685998e-07
0.7764042019844055,9.037236691376502e-07
0.7747414708137512,7.39708846471572e-07
0.7783731818199158,7.833809531534314e-07
0.7792027592658997,7.971382284749709e-07
0.7830329537391663,7.865120367151271e-07
0.7784999012947083,8.593732375291804e-07
0.8249688744544983,6.769568727874042e-07
0.821098804473877,6.93698024520524e-07
0.8207951188087463,7.464542815015587e-07
0.8153420686721802,7.214559244400967e-07
0.7575411200523376,7.035654204443076e-07
0.8000475764274597,5.995457563242462e-07
0.7922735810279846,6.066970325577584e-07
0.7884791493415833,5.070498873011725e-07
0.7802103757858276,5.290859344583149e-07
0.7712011933326721,5.361134834524356e-07
0.7924367189407349,5.637730188037815e-07
0.7853830456733704,4.934010501382591e-07
0.7282928228378296,6.186344818637224e-07
0.7161787152290344,5.529366427330096e-07
0.7344463467597961,5.677467123602759e-07
0.7239284515380859,5.455360903659084e-07
0.7227988839149475,4.6037053452957846e-07
0.7119714617729187,4.4159944078293184e-07
0.7058563232421875,4.708990811747721e-07
0.7016316056251526,4.6201738501281883e-07
0.697387158870697,4.5542894495280775e-07
0.7985476851463318,5.760371881947599e-07
0.8559561371803284,6.231306742352644e-07
0.8651532530784607,5.978834896102139e-07
0.8734866976737976,5.861188620958496e-07
0.8888746500015259,6.663408452260364e-07
0.8744060397148132,6.447815735187434e-07
0.8726294636726379,6.249906018759854e-07
0.8601608872413635,5.648642222438882e-07
0.8504998087882996,6.075573400383949e-07
0.8460789918899536,6.210745623971836e-07
0.8496154546737671,5.758167409717838e-07
0.8543619513511658,6.142017418249782e-07
0.865983247756958,6.586833569723061e-07
0.8668513894081116,6.61169143939197e-07
0.8679267168045044,7.065758563873717e-07
0.8670280575752258,7.507094658383909e-07
0.8684066534042358,7.461508375137399e-07
0.866652250289917,7.435634348509565e-07
0.8654780983924866,7.8408581893636e-07
0.8946529626846313,7.817623890460368e-07
0.903184175491333,8.089426756768131e-07
0.9418391585350037,7.886827993715609e-07
0.9446040391921997,8.188784656037312e-07
0.9648358225822449,7.696118487438355e-07
0.8898428678512573,5.971013040412948e-07
0.9336251616477966,6.579106696302447e-07
0.8736624121665955,5.434342423508293e-07
0.858470618724823,6.33545565413042e-07
0.8502054214477539,5.011086309917624e-07
0.848272979259491,4.582924203349638e-07
0.8464927077293396,4.7413531043373827e-07
0.8523412942886353,5.094705383956732e-07
0.8510480523109436,3.8542303274760256e-07
0.8492746949195862,3.0039292612431615e-07
0.8515923619270325,2.8921570818861257e-07
0.8508995771408081,2.985413900275652e-07
0.8585526347160339,4.551695933180215e-07
0.8424072861671448,3.2955393937080316e-07
0.8374019265174866,2.9707111654582626e-07
0.8274059891700745,3.324961743394854e-07
0.8240233063697815,3.7600762283407016e-07
0.8205652832984924,2.482942192420703e-07
0.8207378387451172,3.067921464791016e-07
0.827465295791626,2.776912654473603e-07
0.8051881194114685,1.5560907344700642e-07
0.7984057664871216,2.2193331081308415e-07
0.7847922444343567,2.0798743197505964e-07
0.7805757522583008,2.561183274688277e-07
0.7694714665412903,2.7390795913849984e-07
0.7692347764968872,3.749259908356929e-07
0.7463115453720093,5.327629703597708e-07
0.7367379069328308,3.65585886611796e-07
0.7398423552513123,3.783702801837818e-07
0.7248204350471497,3.5796037115053483e-07
0.7505179643630981,4.3225017047100744e-07
0.7402895092964172,3.732752655496302e-07
0.7423291802406311,3.419655986705225e-07
0.7455349564552307,3.6677115014841985e-07
0.7467827796936035,3.1943104288447224e-07
0.745428740978241,3.119418802732289e-07
0.7479342818260193,1.4801033993208906e-07
0.7034480571746826,1.3577922113765847e-07
0.686598002910614,2.3104198644188908e-08
0.6802734136581421,5.767452157133188e-08
0.6484096050262451,1.0107158034675708e-07
0.6528927087783813,5.9132217196725383e-08
0.6447619795799255,4.115091009661569e-09
0.6434063911437988,2.0392012318906465e-07
0.6439071893692017,2.0788439737511044e-07
0.6394763588905334,1.9172034382568433e-07
0.6483114361763,1.1054331902984622e-07
0.6585431098937988,3.038036174412011e-08
0.636663019657135,6.394383652354738e-08
0.6331745982170105,6.806044866873497e-08
0.6347773671150208,2.5024295022632202e-08
0.5925713181495667,9.830321331213258e-10
0.5943247079849243,3.9053175688859125e-08
0.586327075958252,8.637467532120364e-08
0.5842227339744568,1.3068702479305389e-07
0.5852240920066833,1.548033662325185e-07
0.5985432863235474,1.9274686486247736e-07
0.591135561466217,1.899160445219695e-07
0.5799305438995361,2.1859837827180838e-07
0.5439784526824951,2.1180916437153578e-07
0.6009326577186584,3.167397651712006e-08
0.5932443737983704,4.833017432825026e-08
0.6084012389183044,1.7723767381928705e-07
0.6212888956069946,6.681357839075563e-08
0.6292964816093445,1.2633287950513435e-07
0.6349281072616577,1.6433782432014737e-07
0.6112322211265564,1.5321448751165131e-07
0.6008031368255615,7.633519636708608e-08
0.6100745797157288,1.3580834872070797e-07
0.6175038814544678,1.8192624069799518e-07
0.6273322701454163,2.3756754366651388e-07
0.6556451320648193,2.467867539310709e-07
0.6411700248718262,2.0520285059122574e-07
0.6635153889656067,2.891744059580967e-07
0.6621435284614563,2.450996717253632e-07
0.6715999245643616,2.0321098441683852e-07
0.6920562982559204,1.8617954481207032e-07
0.6925376653671265,1.8660108375557864e-07
0.6921094655990601,1.720114111388501e-07
0.6736836433410645,2.0281004439737238e-07
0.7037346363067627,2.61368810192987e-07
0.70995032787323,1.8362155112345777e-07
0.7221948504447937,2.283868181464279e-07
0.7145527601242065,1.3384810505084888e-07
0.7132536172866821,1.4980634258630367e-07
0.7038585543632507,3.901446436109599e-08
0.752357542514801,8.247973075630344e-09
0.7341419458389282,1.9807837215823736e-08
0.7162808179855347,4.0696822078682584e-09
0.7176201343536377,8.060827893100809e-09
0.7183346748352051,5.679421307840148e-08
0.7231396436691284,7.516448351197694e-08
0.7220625877380371,4.720656153136974e-08
0.72267746925354,7.686637838624603e-08
0.7069458365440369,1.6893859511920434e-07
0.7022250890731812,2.0147752994074085e-07
0.7095072865486145,2.3097553234169114e-07
0.718940794467926,2.2427535713407006e-07
0.7496057152748108,3.182109566111403e-07
0.7524672746658325,2.533272577061492e-07
0.8427050709724426,3.1716960502414793e-07
0.8480420112609863,2.822699990772358e-07
0.8561750054359436,3.158552605653578e-07
0.8910859227180481,2.107681638103924e-07
0.9070189595222473,1.4181737875967187e-07
0.9088069796562195,1.6095922146779768e-07
0.9203493595123291,2.136441648050401e-07
0.9047653675079346,2.449374697085713e-07
0.9253329634666443,1.838597725001105e-07
0.9244450926780701,1.8492288752949664e-07
0.9227277636528015,1.7728331251675236e-07
0.9225581288337708,1.7489014351871127e-07
0.9216814041137695,1.719833995410345e-07
0.9490718841552734,1.9042147244565863e-07
0.9545841813087463,1.7956291567750374e-07
0.9694682955741882,1.7628948114994068e-07
0.9379555583000183,1.5245451907147656e-07
0.9406175017356873,1.3008569822899052e-07
0.9371694326400757,1.0751540227798943e-07
0.9065559506416321,4.8654389349020444e-08
0.8905028700828552,6.134799104134947e-08
0.8929976224899292,8.2758508554567e-08
0.8833767771720886,5.661145820634768e-08
0.868993878364563,1.5128871232958927e-08
0.8671815991401672,5.218832308269265e-09
0.8624364733695984,2.3663766013571523e-08
0.8560423851013184,3.665234315906223e-08
0.8336023092269897,7.315792310510529e-08
0.8314398527145386,5.895187490663305e-08
0.823336124420166,8.81881053773877e-08
0.8137362599372864,6.622752456923557e-08
0.7955459952354431,4.3073648521606885e-08
0.7790130376815796,3.04868091963997e-08
0.7900499701499939,2.979730932161544e-08
0.7732620239257812,1.2038206293244445e-08
0.7798328399658203,2.6919846740338033e-08
0.7611107230186462,7.345593092068694e-09
0.7635621428489685,1.5815378633798763e-08
0.7614026665687561,2.1657013944611104e-08
0.7693973779678345,8.8356229210277e-08
0.7718945741653442,6.87401296916787e-08
0.7748151421546936,4.623604825355421e-08
0.7712430357933044,5.9508734304202296e-08
0.7749505043029785,1.6005756010801847e-08
0.779554545879364,3.785416624938181e-08
0.7874447107315063,1.3924373529401214e-07
0.7920162677764893,9.01206298049807e-08
0.7891824245452881,1.017393923724878e-07
0.8004175424575806,1.6049529682387112e-07
0.7925278544425964,2.0218889850548948e-07
0.8007079362869263,1.7099889188139372e-07
0.8083249926567078,2.2367427724096292e-07
0.8035600185394287,2.085062934373185e-07
0.7967020869255066,2.2152745499928392e-07
0.8184955716133118,1.4681447144853157e-07
0.8025969862937927,1.0634596898353912e-07
0.79937744140625,8.081243316855006e-08
0.8012959957122803,6.561352562759349e-08
0.7980558276176453,2.669987891299212e-08
0.7840494513511658,7.319931820165722e-08
0.6790127754211426,9.175239464530825e-08
0.7047039270401001,1.3504085175477035e-07
0.7508345246315002,6.644265612872069e-08
0.7515605092048645,5.383416839144662e-08
0.708660900592804,5.10203468907745e-08
0.7077722549438477,2.618228568169621e-08
0.6965714693069458,1.839445537470748e-08
0.6925249099731445,2.3862935884244596e-08
0.6837640404701233,1.5247159506232575e-09
0.6954123973846436,1.6640386802106895e-08
0.6715981960296631,2.7803027536005883e-08
0.6814724802970886,3.3454783746392474e-08
0.6690558195114136,6.60864239672215e-08
0.6742589473724365,4.2445646810588926e-08
0.6617974638938904,2.9624634698547964e-09
0.6965824365615845,1.3903244639823596e-08
0.7069704532623291,4.1756104798775125e-08
0.7027146816253662,4.361848989794083e-08
0.693269670009613,7.371416236429378e-08
0.7121622562408447,1.056335446215223e-07
0.7123831510543823,1.1839041093460699e-07
0.7200739979743958,6.599076397796003e-08
0.727022111415863,9.419448623870785e-08
0.7486667037010193,1.1901754024381053e-07
0.7497940063476562,1.3098750434033073e-07
0.7477438449859619,1.0111080932890745e-07
0.7597469091415405,1.444017766792996e-07
0.7885433435440063,6.700777391017553e-08
0.7928543090820312,9.977320150232269e-08
0.8140570521354675,7.543522061951441e-08
0.8223479390144348,9.81063997605551e-08
0.7944099307060242,9.448838742117868e-08
0.8257599472999573,9.439023321484476e-08
0.8144333362579346,9.756565190325618e-08
0.857735812664032,1.6152770407340533e-07
0.8409731984138489,1.5049300358910105e-07
0.843298077583313,1.2125214094728907e-07
0.8271933794021606,1.414477753681597e-07
0.8439216017723083,1.5353078710342132e-07
0.8571785092353821,1.720859191226172e-07
0.8511393070220947,1.7890659460536099e-07
0.8494183421134949,1.7517879282152177e-07
0.8582533001899719,1.8450819474092467e-07
0.8672268986701965,1.5012934041335607e-07
0.8586971163749695,1.4001885478907676e-07
0.8805099129676819,1.1406446165786004e-07
0.8821207880973816,1.1574907666784921e-07
0.8907510638237,9.84906517276056e-08
0.8722746968269348,1.1174974465623724e-07
0.8963175415992737,1.1860191872028504e-07
0.8907034397125244,1.3892574652349735e-07
0.8976185321807861,1.1509936608130288e-07
0.9272468090057373,1.4139543443557334e-07
0.9355564713478088,1.1502689347699623e-07
0.947041928768158,1.164400751736596e-07
0.9568575620651245,1.3624157856593523e-07
0.9626217484474182,1.371474931349901e-07
0.9495844841003418,1.144414085794531e-07
0.9614696502685547,1.1225424253048615e-07
0.9695273041725159,1.1142972642231956e-07
0.965403139591217,1.0194660038614738e-07
0.960239589214325,1.2143716632620483e-07
0.9463416337966919,1.4336415392313638e-07
0.9474249482154846,1.5152234457589675e-07
0.9281947612762451,1.4081601537184636e-07
0.899573802947998,1.4173668538234457e-07
0.9382410049438477,1.6793350229729956e-07
1.0440802574157715,1.5187022375622028e-07
1.0499273538589478,1.3249235093380426e-07
1.0401524305343628,1.4211178820744755e-07
1.0786348581314087,1.691627249610604e-07
1.0680820941925049,1.7734621094236958e-07
1.1002813577651978,1.9751478066553502e-07
1.097296118736267,1.7697589159079707e-07
1.1118547916412354,1.407818861418053e-07
1.0797415971755981,1.3993414991445192e-07
1.0880980491638184,1.6790727529495883e-07
1.0935759544372559,1.7156308867354378e-07
1.0941258668899536,1.6224375954136325e-07
1.0923080444335938,1.6391963272551283e-07
1.0956134796142578,1.248150099930883e-07
1.101710319519043,1.3128453924785184e-07
1.0997384786605835,1.502716713830659e-07
1.100660800933838,1.776336942438568e-07
1.1066780090332031,1.8305244848127594e-07
1.1074068546295166,1.8313364670606916e-07
1.1133004426956177,1.750024043348057e-07
1.123411774635315,1.9632790193091845e-07
1.0984532833099365,2.0675319101388923e-07
1.116703748703003,2.0364649821070363e-07
1.1175646781921387,1.9526336680680476e-07
1.1200505495071411,1.9038176597967887e-07
1.0930618047714233,1.7998042635761213e-07
1.0869654417037964,1.8496350737227246e-07
1.102591872215271,1.6245212525623637e-07
1.0950347185134888,1.563722691936241e-07
1.1077145338058472,1.3695386293522543e-07
1.1184217929840088,1.1628389583445004e-07
1.1169261932373047,1.224648825729445e-07
1.1023365259170532,1.2836323417912687e-07
1.111763596534729,1.1203132096256237e-07
1.1079350709915161,9.639088814606366e-08
1.0756821632385254,7.254552366481055e-08
1.0775105953216553,8.312641359541767e-08
1.0768687725067139,8.392858249681688e-08
1.0735169649124146,8.288180049697766e-08
1.0728809833526611,8.387462972075932e-08
1.0704766511917114,6.804539548369102e-08
1.061692476272583,1.6892348006096502e-09
1.0751816034317017,2.8108158680261418e-08
1.0781044960021973,5.2195815436733434e-08
1.0727132558822632,3.3508220402805183e-08
1.0369579792022705,7.470496805460792e-08
1.0280216932296753,5.152877376028188e-08
1.00521719455719,4.0137503177497483e-08
1.0011707544326782,4.149047031653695e-08
1.001935601234436,3.352405251013171e-08
1.0044575929641724,2.6144677297353265e-08
1.0070174932479858,1.012654401999491e-08
1.0029845237731934,2.022155801012786e-08
1.0060480833053589,1.3301516021617485e-09
1.0214972496032715,6.433097533315392e-10
1.016921043395996,2.321727717998173e-09
1.0171478986740112,4.606368403888331e-09
1.0247161388397217,2.1267407195025255e-08
1.0213524103164673,3.5495129446620494e-08
1.017833948135376,1.861259056755893e-08
0.8740058541297913,4.773010300852202e-08
0.8762092590332031,6.070015304846313e-08
0.8859912157058716,6.799955644181885e-08
0.9029797911643982,9.295664146692813e-08
0.9691217541694641,7.87924334968949e-08
0.9670374393463135,7.251455639515486e-08
0.9635156393051147,8.287419535108094e-08
0.9670668840408325,1.068920631266436e-07
0.9701013565063477,1.2525682656252916e-07
0.9747128486633301,1.1529403429167383e-07
0.9750267267227173,1.0582008704951122e-07
0.9770694971084595,1.0806030345793943e-07
0.9620733261108398,9.43511438344577e-08
0.9638338088989258,1.1473707430963327e-07
0.9503276944160461,1.261064152633523e-07
0.9571796655654907,1.0801457584136767e-07
0.9500412940979004,9.982332741225591e-08
0.9595518112182617,1.067811144560369e-07
0.9708524942398071,1.536580366532942e-07
0.9759820699691772,1.670975460492819e-07
0.9811658263206482,1.426080044660688e-07
0.9925254583358765,1.0755878355659353e-07
0.9969679117202759,1.0880103291899777e-07
0.9518192410469055,7.107933980060512e-08
0.9275441765785217,1.0168574527931809e-07
0.9747408032417297,9.878430105836854e-08
0.9703906774520874,7.606137414416063e-08
0.9691008925437927,7.37045762661025e-08
0.9652665257453918,6.543028904196658e-08
0.962488055229187,1.0846768053987717e-07
0.9354339838027954,1.5768730718618632e-07
0.932310163974762,1.7150846447168064e-07
0.9311013221740723,1.4456862203887644e-07
0.9224607348442078,1.7007188062218882e-07
0.9321929812431335,1.6901160896807751e-07
0.9502922892570496,1.8254719697983167e-07
0.9353824853897095,2.2512633644344165e-07
0.8969613313674927,1.5686327597291307e-07
0.8960356712341309,1.4338367564981948e-07
0.8917359709739685,1.2129605938475223e-07
0.8885387182235718,1.7733976694208828e-07
0.9137454032897949,2.4129640714860845e-07
0.9133278727531433,2.437828668182783e-07
0.918592631816864,2.7890509210004924e-07
0.9242088794708252,2.5717896878557286e-07
0.9512591361999512,2.875974980404844e-07
0.9535855650901794,2.532836237156312e-07
0.9500340819358826,2.217780037008614e-07
0.9416812062263489,2.3216495390401826e-07
0.9302715063095093,2.1252650809567078e-07
0.9128870368003845,1.8024836822834282e-07
0.9090584516525269,1.706005104790912e-07
0.8985701203346252,1.5762320168663177e-07
0.8973346948623657,1.2642537078918874e-07
0.8943962454795837,1.2455324812786668e-07
0.8999201059341431,1.1240626145289298e-07
0.8815685510635376,5.572601042202682e-08
0.8852099180221558,7.721257586643451e-08
0.8670496344566345,2.988833533988135e-08
0.8841429948806763,3.231764979293259e-08
0.8833673596382141,1.0158547540718731e-08
0.8766993880271912,6.307527045156316e-08
0.8542230725288391,8.286899540763202e-08
0.8595920205116272,1.5350705249387447e-07
0.8680686950683594,1.3023231598165153e-07
0.8737787008285522,1.0474759203472992e-07
0.8477779030799866,3.837274540621164e-08
0.8321926593780518,1.261806678874754e-08
0.8103955984115601,3.1259240999435747e-08
0.8078560829162598,2.8736014355318275e-08
0.8337762355804443,1.155764206595437e-07
0.9349397420883179,3.205760810599139e-08
0.9464370608329773,5.635512778294174e-10
0.9402145743370056,3.973279528833454e-08
0.9527338147163391,2.917992487320043e-08
0.9523444771766663,2.486283532540331e-08
0.9378659129142761,1.0101021325002301e-07
0.938411295413971,1.0569558652005068e-07
0.9371044039726257,1.252613402950159e-07
0.9360867142677307,1.3254207952332307e-07
0.9319292306900024,1.6298051154538598e-07
0.9297219514846802,1.8726157484578489e-07
0.9319273233413696,2.1821991916790885e-07
0.9249052405357361,2.2677364525602005e-07
0.8989713788032532,1.8842905266788432e-07
0.898501455783844,1.55131693457735e-07
0.8971830010414124,1.324191550285212e-07
0.8950062990188599,1.5738386923238624e-07
0.8974689841270447,8.504939428969401e-08
0.8951126933097839,1.545993417440255e-07
0.9044365286827087,2.679899027480722e-07
0.8793531656265259,3.8804663870985884e-07
0.8789921402931213,3.992771557244715e-07
0.852206826210022,3.5565570520113346e-07
0.8898501396179199,3.087490295840961e-07
0.8786442279815674,3.158186573843681e-07
0.8834013342857361,4.2889809580368837e-07
0.87110435962677,2.6286349019363255e-07
0.8575152158737183,1.8473959411107604e-07
0.8614388108253479,1.218518586192964e-07
0.8599952459335327,1.202022395975109e-07
0.8571740984916687,1.4647002645679693e-07
0.8526042699813843,1.0447035559129226e-07
0.8360236883163452,1.4985251879401796e-07
0.8391130566596985,1.1365731303076415e-07
0.8376664519309998,1.005766628901306e-07
0.8317339420318604,3.956132028183146e-08
0.8360781669616699,1.2300193922250356e-08
0.8301905393600464,4.9683217753218253e-08
0.829370379447937,5.715593697722815e-08
0.8272190093994141,1.9616085477882012e-08
0.8221028447151184,1.0729673168897481e-07
0.8183826208114624,6.084947949073355e-08
0.8087896704673767,9.636513990935033e-09
0.8089484572410583,4.5393605773574874e-08
0.803869903087616,9.758630673201499e-08
0.8046202659606934,9.849707258526626e-08
0.8036028742790222,1.2498207435922715e-07
0.7997516989707947,1.103182785790538e-08
0.7910541296005249,5.200495235840744e-08
0.7883747220039368,4.539492864446485e-09
0.7846201658248901,1.3161103115764006e-07
0.794099748134613,1.0324562776291638e-07
0.7960061430931091,1.1031435862235515e-07
0.765662431716919,2.4789396384846275e-08
0.7679790258407593,5.117089401876105e-08
0.7595335841178894,1.6515114531750336e-07
0.8116628527641296,1.96677007387484e-07
0.7986515760421753,1.0243226485149703e-07
0.7828916907310486,3.37639881307656e-07
0.8123130798339844,1.7808759477755225e-07
0.7423434853553772,2.994058314906376e-07
0.7356632947921753,2.1272586370343037e-07
0.7134228348731995,4.312783126966292e-07
0.7065553665161133,4.7409405308507235e-07
0.6881329417228699,5.329747218619542e-07
0.6967403292655945,4.232766453626975e-07
0.6906042098999023,5.548992249057409e-07
0.7119656205177307,6.329700147512246e-07
0.7053342461585999,5.452006549199959e-07
0.7084747552871704,5.008955190253205e-07
0.7034125924110413,3.905796118587948e-07
0.6813174486160278,5.439034870889474e-07
0.6872559189796448,4.798335364679905e-07
0.7014244198799133,5.786533008164327e-07
0.7170529961585999,5.511912740036908e-07
0.7208822965621948,6.129147823922924e-07
0.7196044325828552,5.365315265421639e-07
0.7183155417442322,5.074566100404278e-07
0.7117353677749634,3.6362967077577593e-07
0.7327479124069214,2.7545900797582706e-07
0.7486710548400879,1.3973673306183834e-07
0.7500054836273193,5.042426340731189e-08
0.7422091364860535,2.3473409973564195e-07
0.680854320526123,2.2865442310285138e-07
0.6895328760147095,1.601427567529505e-07
0.692084789276123,1.2289297249648036e-07
0.6921941041946411,3.230627174150187e-07
0.6880474090576172,5.552053227025899e-07
0.6750494837760925,7.358720400469157e-07
0.6838286519050598,7.924445102917496e-07
0.6802552938461304,7.077736792564758e-07
0.6802374124526978,8.754740385558124e-07
0.6747722625732422,8.142443543180528e-07
0.6663116216659546,7.775282771481373e-07
0.6674595475196838,7.904456245481917e-07
0.6603500843048096,7.699240529030621e-07
0.6498540639877319,7.170632114650473e-07
0.6557782888412476,7.272182245927558e-07
0.6501362323760986,7.945272379045187e-07
0.6479951739311218,7.582987289972767e-07
0.6521161198616028,8.86875685760305e-07
0.6500242948532104,7.685041590963643e-07
0.6476500034332275,6.055443263377862e-07
0.6465287208557129,5.772042124692865e-07
0.645980715751648,4.7598233713893115e-07
0.6476852297782898,3.863774045080419e-07
0.6442533731460571,4.4738859121193353e-07
0.6553574800491333,5.783797245402164e-07
0.6575284600257874,4.849802816204486e-07
0.6603500247001648,4.652317114684293e-07
0.6605837345123291,4.82534271044506e-07
0.6653625965118408,4.88020569947966e-07
0.6534535884857178,3.3574228841082125e-07
0.6554062962532043,1.8758330401339764e-07
0.654558539390564,1.9055205229771138e-07
0.6628996133804321,1.0772049301697745e-07
0.6079875230789185,1.6951153815499258e-07
0.6074928641319275,3.7314340233744053e-07
0.5900102257728577,5.338636409651969e-09
0.5853509902954102,1.9240102749424e-08
0.6344024538993835,1.76286500178785e-07
0.6293304562568665,7.774477284427364e-08
0.6512582302093506,2.151397813609894e-07
0.6454952359199524,3.4002864209340365e-07
0.6623740792274475,4.733863418881351e-07
0.6538241505622864,4.231391538774866e-07
0.659068763256073,5.029185999629038e-07
0.6315462589263916,5.261382524900104e-07
0.6369753479957581,4.983149241221882e-07
0.6388659477233887,5.00479735006127e-07
0.6432812213897705,4.7245024848265385e-07
0.6757904291152954,6.079052897608149e-07
0.6686131954193115,6.347642829106215e-07
0.6789665818214417,6.236744480294862e-07
0.6378072500228882,5.499998331336825e-07
0.6399210691452026,5.476831443458272e-07
0.6236339807510376,4.4497450326199187e-07
0.6302084922790527,3.722599893731318e-07
0.6329997181892395,2.773229808377374e-07
0.5938673615455627,2.9197130219744613e-07
0.5767198204994202,1.806959107097158e-07
0.5817103385925293,1.0393499371569304e-07
0.5754780173301697,1.442239936762452e-07
0.5723233222961426,9.965329623247334e-08
0.547310471534729,9.22234499724315e-08
0.5526004433631897,8.790288110762084e-08
0.561063826084137,1.4379441134559998e-07
0.5819051861763,2.9764090573409716e-07
0.6093124747276306,3.8843167745900714e-07
0.5971486568450928,4.4231007745657025e-07
0.6120961308479309,4.144976996373756e-07
0.5818744897842407,3.6825534175961155e-07
0.5820229053497314,3.4850877456268567e-07
0.5782037377357483,2.299349087708704e-07
0.5815784931182861,2.0481513082195799e-07
0.6001732349395752,1.6860132728358304e-07
0.6226621866226196,8.027799983914476e-08
0.6071316003799438,5.940148572547779e-08
0.6297506093978882,1.4061179526704375e-07
0.6291467547416687,6.208192907604555e-08
0.633423388004303,1.1556172008924705e-07
0.634964644908905,6.581460656898772e-08
0.6786161661148071,4.312811586451495e-08
0.68927401304245,5.242509785590181e-08
0.6937733292579651,1.4448062020931164e-07
0.6868686676025391,6.984328923152414e-08
0.679084837436676,6.432198434980479e-08
0.6297053694725037,1.1148098731639505e-07
0.6291584968566895,9.021369937211622e-08
0.6068685054779053,4.4143639609146856e-08
0.6240370273590088,1.0697041249085795e-07
0.6211766004562378,1.165521630281741e-07
0.6301544904708862,1.8405562606459668e-07
0.6388005018234253,1.8106584710915474e-07
0.6351293921470642,3.0789791628750215e-07
0.6149041652679443,1.6408807870836942e-07
0.6173239350318909,1.1215685572331727e-07
0.6243387460708618,5.106060720864048e-08
0.6343636512756348,1.7844897642004497e-07
0.6128480434417725,1.4289043545254437e-07
0.5591392517089844,2.228952027437739e-07
0.5560176372528076,1.8262276884305206e-07
0.6229632496833801,2.7943063807831306e-07
0.628466784954071,4.3675073018020413e-07
0.7873743176460266,4.4318521749903486e-07
0.7873485684394836,4.649614030248321e-07
0.7909301519393921,5.30461892497662e-07
0.7725792527198792,6.446898533143952e-07
0.7793407440185547,8.078471863334769e-07
0.7730196118354797,7.470062404401831e-07
0.7921807765960693,7.728006932820886e-07
0.7928711175918579,7.784576186910946e-07
0.7875391840934753,8.780776273144622e-07
0.6970600485801697,6.819384146222567e-07
0.6947332620620728,6.018542636630937e-07
0.693947434425354,5.989449955558571e-07
0.6997449994087219,4.853258027070172e-07
0.7018351554870605,5.073758854549915e-07
0.705172061920166,5.199514761591861e-07
0.7062036395072937,5.766972400846407e-07
0.720944881439209,4.801097787023728e-07
0.7190772891044617,4.1316570578231807e-07
0.7176719903945923,3.5420518312845317e-07
0.7180296778678894,3.5039513646183476e-07
0.729560136795044,4.0529115461146806e-07
0.7249032258987427,4.163053858299501e-07
0.7096745371818542,2.3484400405848066e-07
0.7132235169410706,3.0249042188689595e-07
0.7141477465629578,3.1402960643097874e-07
0.715783953666687,4.4698851528121586e-07
0.7113093137741089,5.976224162393927e-07
0.7385827302932739,4.065866094100229e-07
0.7345307469367981,3.8553720246295095e-07
0.7327491641044617,3.45631598643514e-07
0.7285853624343872,2.497940880137866e-07
0.7231799960136414,2.374684717465752e-07
0.7244503498077393,2.487863704019565e-07
0.720599889755249,3.0049315326925903e-07
0.7212961316108704,3.317377578627295e-07
0.7196298837661743,3.410717330928296e-07
0.7156497836112976,3.449681085013461e-07
0.7149116396903992,2.877915238853543e-07
0.7128041386604309,4.128763154134449e-07
0.7183468341827393,2.997058139270984e-07
0.7184764742851257,2.808198946208009e-07
0.7245275974273682,4.2450527590548806e-07
0.7296006083488464,4.417594671470536e-07
0.7304603457450867,4.485501546728013e-07
0.7363423109054565,4.467189181063362e-07
0.7708427309989929,3.479913445461006e-07
0.7648045420646667,3.8608079475652493e-07
0.7663983702659607,2.6549848046323113e-07
0.7648915648460388,2.400709701551925e-07
0.7501214146614075,2.655620437665065e-07
0.7471368908882141,5.0367363206343854e-08
0.7660012245178223,1.6639623656093498e-07
0.7695909738540649,1.5981074501540335e-07
0.7754662036895752,1.4906389295631615e-07
0.7778711318969727,1.760990436371762e-07
0.7839093804359436,2.935003479949752e-07
0.7696124315261841,2.444239654846199e-07
0.7701075077056885,2.479442677266047e-07
0.7647982239723206,1.1331756444082561e-07
0.7757585048675537,2.818086555748272e-08
0.6546265482902527,1.0050638407538043e-08
0.659574568271637,6.702429556135594e-08
0.651198148727417,9.426915098564078e-08
0.6673319339752197,2.472695988088667e-07
0.674541175365448,3.7018209564148793e-07
0.6467307209968567,4.776601795395373e-07
0.6903957724571228,3.9006347539536496e-07
0.69087815284729,3.5591721186164355e-07
0.6974261403083801,4.956667988540754e-07
0.7980748414993286,1.6636690699286388e-07
0.8016429543495178,7.298269214450412e-08
0.8033125996589661,1.1092668182166154e-07
0.7928900718688965,1.5286238426296707e-07
0.7921790480613708,1.726499545603305e-07
0.8002169728279114,1.9706100952659837e-07
0.7984272837638855,1.5019846471620892e-07
0.7845467329025269,1.5244752388167589e-07
0.777970016002655,6.582326911557922e-08
0.7802377939224243,5.3575360078070376e-08
0.7737792730331421,8.890522417630102e-08
0.7770217657089233,7.256056540924476e-08
0.77414870262146,1.1867608928526566e-07
0.8283971548080444,5.753580024320617e-09
0.8246299624443054,3.481730448059734e-08
0.8264731764793396,4.507846040823177e-09
0.8247082829475403,1.0447656262606991e-07
0.8363276124000549,1.7086396556713172e-07
0.8316476941108704,1.6132555185678112e-07
0.8363970518112183,1.3393601011536978e-07
0.8372097015380859,1.245317222323258e-07
0.839123010635376,4.310468588704722e-08
0.834729790687561,4.906370149412474e-08
0.8240189552307129,1.1961984265704967e-07
0.8544803261756897,2.2539640548977814e-07
0.8543858528137207,3.3259133524034604e-07
0.8700050711631775,3.7538346556306376e-07
0.9050520658493042,3.550248585189493e-07
0.9056599140167236,3.5030996014791607e-07
0.9217737913131714,3.8228468257888587e-07
0.921800971031189,3.8991254024860547e-07
0.9238178730010986,4.3144640998185255e-07
0.9162861704826355,4.4768837526238184e-07
0.9305183291435242,3.694470285539944e-07
0.9233170747756958,4.266388141981395e-07
0.8900755047798157,4.60296268150074e-07
0.8275170922279358,5.12789402003222e-07
0.8405119776725769,5.465819020375462e-07
0.8235225081443787,4.883906939943949e-07
0.8176060318946838,4.3948158393904146e-07
0.8244510889053345,4.392054499670166e-07
0.8345239162445068,3.4027484535365665e-07
0.8251472115516663,2.993571446507047e-07
0.8249537348747253,2.539565912740467e-07
0.817176878452301,3.3662671775763764e-07
0.8190760016441345,3.4717611334302706e-07
0.8176286816596985,3.770565160238215e-07
0.8306032419204712,3.083173042385187e-07
0.8286649584770203,3.0133576337399576e-07
0.8205639123916626,2.918288043354117e-07
0.8236470222473145,3.076521223844761e-07
0.834771990776062,2.478209551780644e-07
0.8232142329216003,1.747089211161755e-07
0.9326610565185547,2.8759369031985255e-07
0.9150775671005249,3.2911680364171303e-07
0.9157447814941406,2.7986566002516367e-07
0.9597429037094116,1.3251158331273154e-07
0.8535736203193665,1.8366128158543368e-07
0.8562954664230347,1.9924518992022258e-07
0.8315525054931641,1.5631541963839583e-07
0.8660812973976135,2.3636906207238212e-07
0.8705581426620483,2.5506737513260325e-07
0.8797000646591187,2.543361068592376e-07
0.8858726620674133,2.482714710162412e-07
0.889600932598114,2.562168867309249e-07
0.8904393315315247,2.2656276378596463e-07
0.9019297957420349,2.6880007651143567e-07
0.9117087721824646,3.0524329770308806e-07
0.9367474317550659,3.632347841857689e-07
0.9295400381088257,3.8916823365785225e-07
0.9314752817153931,3.702366222733955e-07
0.9451858401298523,3.985379217969279e-07
0.9487067461013794,3.7266317253403444e-07
0.9495810270309448,3.8143100504310634e-07
0.9727973937988281,4.304865902455754e-07
0.9645877480506897,4.721103973931093e-07
0.9797908067703247,4.2524513387464866e-07
0.9518556594848633,4.05797040318491e-07
0.9501832723617554,4.4987635195326697e-07
0.9492261409759521,4.587073346110776e-07
0.9626646637916565,4.79362110906642e-07
0.9780694842338562,5.022838382908595e-07
0.9743399620056152,4.3404147381364416e-07
0.9739880561828613,4.1875931675516495e-07
0.9736284613609314,3.9739048973089913e-07
0.982873797416687,3.6399705632223986e-07
0.9869295954704285,3.68902756813904e-07
0.9635475873947144,3.836391834618688e-07
0.9724583625793457,3.8535363429967676e-07
0.976984441280365,3.845280217278785e-07
0.9747297763824463,3.63037296627778e-07
0.9645859003067017,3.409942234489441e-07
0.9482927322387695,4.074838864612934e-07
0.9491087794303894,4.048989640029199e-07
0.956270158290863,3.371892117851223e-07
0.9562991261482239,3.426243998143688e-07
0.9589505195617676,3.209043265180178e-07
0.9540694952011108,3.1784075820232016e-07
0.9409410953521729,3.4869970234841993e-07
0.9555820226669312,3.642405261815307e-07
0.9540961384773254,3.3632457571318095e-07
0.9526991248130798,3.464114440715482e-07
0.969829261302948,3.691561743712421e-07
0.9620881080627441,3.5704973935487064e-07
0.9920921325683594,2.931933888320262e-07
0.9871546030044556,3.2304431612281e-07
0.9784364700317383,3.4507475112337954e-07
0.9801825284957886,3.5001796750951455e-07
0.9757377505302429,3.4165875068513374e-07
1.018018364906311,3.7540877113060103e-07
1.00448739528656,3.7071566754733054e-07
0.9864002466201782,3.4776149338304127e-07
0.9964780807495117,3.705858254254672e-07
0.9907518625259399,2.972387954432859e-07
1.0390241146087646,2.4263958082939435e-07
0.9985755681991577,2.3440423206882305e-07
0.9899109601974487,2.386765401685663e-07
0.9622692465782166,2.727739622670512e-07
0.9624758958816528,2.813578962581817e-07
0.9509187936782837,2.7419338552653674e-07
0.8767035603523254,1.9239864438441723e-07
0.8792993426322937,1.930502278400109e-07
1.0554147958755493,2.4075611910080036e-07
1.0659410953521729,2.0983362272308098e-07
1.0541046857833862,1.9044721870494982e-07
1.0491172075271606,1.8537579857128353e-07
1.0488590002059937,1.8467324680191896e-07
1.0483084917068481,1.6490732067451878e-07
1.0464160442352295,1.6661163279585445e-07
1.0516051054000854,1.1522297496246309e-07
1.051164150238037,1.0951744150076125e-07
1.038143515586853,9.466225255765938e-08
1.0525102615356445,1.109279848827277e-07
1.045908808708191,1.2459474736832565e-07
1.045167088508606,1.0892084153753603e-07
1.0476508140563965,8.826632478912966e-08
1.0138851404190063,3.739361492357315e-08
1.007818341255188,6.611115327458204e-08
1.017162799835205,4.494489547158739e-08
1.0063434839248657,5.9164383433250867e-08
1.0103856325149536,7.022404670438409e-08
1.0113599300384521,8.076345130939976e-08
1.0163369178771973,1.2989369316631673e-07
1.024192452430725,1.0924884254301555e-07
1.0453776121139526,8.2320979048452e-08
1.0531085729599,3.951097899340195e-08
1.049781084060669,4.750210757359895e-08
1.0476975440979004,7.21442987697057e-08
1.0445501804351807,1.6594203523659715e-08
1.0641870498657227,5.199764790552071e-08
1.05656898021698,6.653849292511879e-08
1.0625559091567993,4.8598519487386225e-08
1.0882173776626587,9.53589341871734e-09
1.087778091430664,1.5211348009967415e-08
1.0701416730880737,4.557219066822276e-09
1.0832533836364746,5.590247279560305e-08
1.0898213386535645,6.38025556057558e-08
1.0888631343841553,4.358292265857445e-08
1.0924084186553955,1.2557319064676435e-07
1.097086787223816,1.199737584916226e-07
1.0956158638000488,1.1505930131100808e-07
1.095495343208313,1.0166109418988014e-07
1.0813794136047363,6.771366292050544e-08
1.0857822895050049,8.241294414479752e-08
1.0794085264205933,6.416406570116089e-08
1.086114525794983,8.695392208926764e-08
1.0708935260772705,8.221888907688438e-08
1.067393183708191,7.78251042464484e-08
1.0639739036560059,8.266999567904405e-08
1.027875304222107,7.833482171932214e-08
1.0182242393493652,8.311123843546091e-08
1.019431471824646,6.261115385181037e-08
1.025932788848877,3.377294311611911e-08
1.0273741483688354,4.396595531012352e-08
1.0277016162872314,8.054360458155472e-08
0.9706438183784485,5.371377223431853e-08
0.9587300419807434,6.950687431801945e-08
0.973279595375061,9.507689684011035e-08
0.9663342237472534,8.67028845569261e-08
1.030927062034607,1.0227055619721741e-07
1.043755054473877,1.0859865709239754e-07
1.0558035373687744,5.9556578317025016e-08
0.988781213760376,3.536752113012876e-08
0.9915899634361267,3.556295846864196e-08
0.9686993956565857,1.9015402674118706e-08
0.9748783111572266,6.021131954841736e-08
0.976218581199646,6.349946814231729e-08
0.9751927852630615,8.722552991501618e-08
0.9706724882125854,9.488473442229636e-08
0.9805027842521667,1.2211600365001456e-07
0.9818698763847351,1.2560622699104088e-07
0.9730453491210938,1.8752805973441117e-07
0.970015823841095,1.7658807451113173e-07
0.9639168381690979,1.8345690787758932e-07
0.966735303401947,1.7146020457234866e-07
0.9688788056373596,1.580679172767229e-07
0.9929713010787964,1.9861982835625742e-07
0.9947147369384766,2.0109812289763156e-07
0.98964524269104,1.7783499359691132e-07
0.9922037124633789,1.689139883594322e-07
0.9826584458351135,1.5116073811801203e-07
0.9805223345756531,1.4432971253601837e-07
0.9800414443016052,1.4279574052714072e-07
0.9779341220855713,1.253098993907794e-07
0.971975564956665,1.5282006030612784e-07
0.8885180950164795,1.6230490492829402e-07
0.8831695318222046,1.3066887933699603e-07
0.8812921047210693,1.2550390951385042e-07
0.8795016407966614,1.3378651782811404e-07
0.828387975692749,1.359606724192844e-07
0.8282390236854553,1.3826223403505533e-07
0.8212275505065918,1.516912264644052e-07
0.7992658019065857,1.6032584270104545e-07
0.8034980297088623,1.8098284625101511e-07
0.8507338762283325,1.9479039046468513e-07
0.8648509383201599,2.3552136142182198e-07
0.8665205240249634,2.5211258778811557e-07
0.8652182817459106,2.407732490519038e-07
0.8932157754898071,2.6006642091453216e-07
0.8937221765518188,2.7260660697379924e-07
0.8929420113563538,2.6802387095761077e-07
0.8927691578865051,2.5704487890965133e-07
0.8992687463760376,2.2724959774979986e-07
0.9080299735069275,2.5723881944775956e-07
0.907048225402832,2.2878773369826994e-07
0.9107633233070374,2.0459921596868713e-07
0.9121103286743164,1.6578475752447586e-07
0.9080675840377808,1.350254089256802e-07
0.9088256359100342,1.3402195982365785e-07
0.8937910795211792,1.522442505473131e-07
0.8885395526885986,1.5796735895442018e-07
0.8959206938743591,1.9826338164058085e-07
0.8896942138671875,1.8472999999824546e-07
0.8926042914390564,1.9802671080097062e-07
0.9067981243133545,2.0762148068972572e-07
0.9045363664627075,1.9787589173496725e-07
0.9274855256080627,2.536360689466173e-07
0.9205957651138306,2.6482758566257966e-07
0.937831461429596,2.5567099757846726e-07
0.9134282469749451,2.690665714881295e-07
0.9175150990486145,2.9609431035238637e-07
0.8953033685684204,2.460314908101467e-07
0.9059750437736511,2.0674697697592448e-07
0.9208077192306519,2.146702190678612e-07
0.9249715209007263,1.6735477102736152e-07
0.8939123153686523,1.2849992932564835e-07
0.8794642686843872,1.4924743713183412e-07
0.9163477420806885,1.9071908009034994e-07
0.9585850238800049,1.6257962552309116e-07
0.9656632542610168,1.5919497992197482e-07
0.9801575541496277,1.832374805282519e-07
1.015323519706726,1.426024015753046e-07
1.0215035676956177,1.7621521860092249e-07
1.0190778970718384,1.3876846987476155e-07
1.0044854879379272,1.220831146243103e-07
1.0212221145629883,1.191172421268448e-07
1.0104751586914062,1.1127962280116366e-07
1.0167627334594727,8.610479363909719e-08
1.0158562660217285,9.018524204469289e-08
1.0205339193344116,7.855820242160406e-08
1.006100058555603,1.1756352700153724e-07
1.0035470724105835,1.0844126100599885e-07
1.0011913776397705,9.656668335258044e-08
1.0077286958694458,1.0659677671109868e-07
1.0072697401046753,1.019870175204135e-07
0.9968884587287903,1.1649254059780886e-07
1.0076510906219482,1.3660441467626752e-07
1.0202404260635376,1.0160763763830336e-07
0.965942919254303,8.273117934709355e-08
0.9665380120277405,6.161865489194823e-08
0.976830780506134,6.968887388512923e-08
1.004953384399414,8.223050088041698e-08
1.0256998538970947,6.387368344299132e-08
1.0155694484710693,7.594047708606253e-08
0.9871530532836914,8.74884089280617e-08
0.9670052528381348,9.805880090666026e-08
0.9795922636985779,6.377633835819886e-08
0.9796201586723328,6.561658443622522e-08
0.9795383810997009,9.54864797983717e-08
0.975493311882019,1.0502672671006477e-07
1.0499309301376343,9.465506463270795e-08
1.0543289184570312,1.0015132262852951e-07
1.0495001077651978,9.24726967369352e-08
1.048282504081726,8.073363895520855e-08
1.064984917640686,1.0306876152446458e-07
1.0890672206878662,1.2772855068760025e-07
1.0971133708953857,1.386501129571789e-07
1.1006888151168823,1.520453618533875e-07
1.1051164865493774,1.5813283662483198e-07
1.1294965744018555,1.0931916864776424e-07
1.1251176595687866,1.2795526796341265e-07
1.1297602653503418,1.0341188720272565e-07
1.128534197807312,1.0483770801939137e-07
1.124313235282898,9.265226033963736e-08
1.1130586862564087,1.4046696973852094e-07
1.1332727670669556,1.3930687895249982e-07
1.1197160482406616,8.234191220231682e-08
1.1381088495254517,5.23836198437419e-08
1.1233372688293457,3.754139275754251e-08
1.1267670392990112,8.929589589349966e-09
1.1174900531768799,2.3035270216471837e-08
1.115426778793335,1.5308608451204686e-08
1.108938217163086,4.8094401467136056e-09
1.1026002168655396,7.926306617607177e-09
1.1280150413513184,7.903059516477218e-09
1.1633272171020508,5.4734094830045585e-08
1.2100470066070557,3.738696682331708e-08
1.1580557823181152,5.191979447359465e-08
1.1606478691101074,3.0211910376817374e-08
1.1179686784744263,7.826714826903927e-11
1.099039912223816,3.23813380155428e-08
1.115156650543213,4.930265453924679e-08
1.1210843324661255,2.0436415182898456e-08
1.125285029411316,3.874218550023413e-08
1.1325231790542603,7.860296918254031e-08
1.131367564201355,6.254655594351618e-08
1.1384222507476807,7.6426088957849e-08
1.13954758644104,9.326346098745622e-08
1.1322447061538696,1.1759890400407993e-07
1.1318949460983276,1.0264357902284478e-07
1.1400355100631714,6.586118666889948e-08
1.13941490650177,7.785601942647807e-08
1.1404762268066406,9.294738012176514e-08
1.141737937927246,9.013076258815658e-08
1.1330657005310059,7.400225954864049e-08
1.1209508180618286,6.880429006021153e-08
1.1181732416152954,6.948966611223899e-08
1.1144006252288818,8.35550710251735e-08
1.1860047578811646,1.0011322388063168e-07
1.1865147352218628,1.0083814416198683e-07
1.1816942691802979,9.00862680809026e-08
1.176669955253601,9.93477112347374e-08
1.1692399978637695,1.243104213043307e-07
1.1620475053787231,1.057705767445842e-07
1.163610816001892,1.1207153876148859e-07
1.1912994384765625,9.066374713245957e-08
1.1776764392852783,1.63635458535474e-07
1.1565501689910889,1.853781451425715e-07
1.1604719161987305,1.6381577422472024e-07
1.1668004989624023,1.4038805788794267e-07
1.1120264530181885,1.7214146609849032e-07
1.108633041381836,1.570488309021907e-07
1.1176661252975464,1.6453338872140892e-07
1.1304210424423218,1.8207625199998662e-07
1.1259548664093018,1.5634971605262872e-07
1.1271363496780396,1.6930910533372728e-07
1.1183271408081055,2.0369878639446906e-07
1.1226404905319214,2.2757553829475322e-07
1.1091935634613037,1.9565655003106475e-07
1.0900768041610718,2.511285206786319e-07
1.0824463367462158,2.4060654579740465e-07
1.083736538887024,2.4363990217858567e-07
1.0747815370559692,2.6449213856973366e-07
1.0815234184265137,2.729026777016294e-07
1.0947401523590088,2.2447949812789275e-07
1.0770719051361084,2.5442394842485616e-07
1.0703990459442139,2.477701114191738e-07
1.0660375356674194,2.606234419401908e-07
1.072969675064087,2.7864589661032516e-07
1.0797125101089478,2.921284697021513e-07
1.0716007947921753,2.8665041569000613e-07
1.063625454902649,2.4953223772732416e-07
1.0587971210479736,2.2342417875910806e-07
1.0689367055892944,2.2782000406052633e-07
1.0521516799926758,2.613541100877047e-07
0.9891721606254578,1.8864137001561518e-07
0.964596688747406,1.5767232935492807e-07
0.9925961494445801,2.1600120958748317e-07
0.976189911365509,2.017113996401719e-07
0.9809106588363647,1.5867582603325964e-07
1.0370583534240723,1.2497854609875257e-07
1.027961015701294,9.611056693602585e-08
1.0255168676376343,5.207833329715691e-08
0.959034264087677,1.7759270638952442e-08
0.9775457978248596,2.6815513765596818e-08
0.9743788838386536,1.107160165136282e-08
0.9625381827354431,1.0191294837427907e-08
0.9594525694847107,1.81068364332401e-08
0.9621074795722961,8.650020534079665e-09
0.9541446566581726,5.2376785798259606e-08
0.9561028480529785,5.480563857579966e-08
0.9507411122322083,9.095325167389305e-08
0.9535369277000427,8.073546789607016e-08
0.9523826241493225,9.137878540074664e-08
0.9585453271865845,1.2414763772691448e-07
0.9618244171142578,1.132732194771436e-07
0.9569537043571472,7.830616505937783e-08
0.9562830924987793,9.080884013983829e-08
0.916356086730957,1.0653276615014105e-07
0.9164082407951355,1.070423653372083e-07
0.9103133082389832,8.047955048185677e-08
0.9059514999389648,8.971351088513276e-08
0.9102264046669006,9.379397258532391e-08
0.8886091113090515,4.973759636480368e-08
0.887168824672699,2.9114314256976567e-08
0.8706080317497253,4.553208243041973e-08
0.8524580597877502,4.2070916211607405e-08
0.8345564007759094,4.896751572107394e-08
0.8654018044471741,1.936629943555452e-08
0.8563041687011719,2.0937769337054084e-08
0.8700542449951172,1.3870957283224506e-08
0.8750672340393066,2.986769290886596e-08
0.8929674029350281,1.2151605772138464e-08
0.8769022822380066,1.633099106461552e-08
0.9027413129806519,3.1761423180474545e-08
0.8823940753936768,6.778460448161622e-08
0.8779613375663757,2.8687038055035148e-08
0.8776450753211975,1.231472434990626e-08
0.891207754611969,4.017261254294496e-08
0.9229776263237,5.247211091364168e-09
0.926371693611145,2.8483984361221595e-08
0.9290456771850586,4.026405311138674e-08
0.9425334930419922,5.7053290709765773e-08
0.9158182144165039,9.230245265464884e-08
0.9089177846908569,9.073207515972355e-08
0.9221614003181458,1.236939162726266e-07
0.9454336762428284,6.39094612837508e-08
0.9266650676727295,1.0975436106263822e-07
0.9119938611984253,9.0655821603303e-08
0.9036243557929993,6.550344401981024e-08
0.9131856560707092,2.5443651332021514e-08
0.9165000915527344,7.296183344684113e-09
0.9112681150436401,2.2827701170427712e-08
0.9039747714996338,2.4101379636861557e-08
0.9028753042221069,4.624027336113626e-09
0.9473976492881775,5.1852410235539784e-08
0.9395962357521057,8.361968592540941e-08
0.9295276999473572,6.932156853373898e-08
0.9567893743515015,7.702603039790902e-08
0.949060320854187,5.5416096767391815e-08
0.9213610291481018,4.112764974374336e-08
0.9197282791137695,7.110147917546543e-08
0.8895030617713928,1.1990668206409393e-07
0.9919798970222473,1.7875650894661615e-07
0.9761587381362915,1.738262371121617e-07
0.9647206664085388,1.2648940738292473e-07
0.9949419498443604,1.378815326755125e-07
0.9984399080276489,1.1229254907765655e-07
0.996160626411438,1.2562528809421415e-07
1.0309958457946777,1.268475564783749e-07
1.019516110420227,1.4948824215727657e-07
1.0276433229446411,1.0117334982339202e-07
1.0152472257614136,8.77958834902574e-08
1.0168591737747192,9.263221587593566e-08
1.0163871049880981,1.0355741370633373e-07
1.0161380767822266,1.0446879468071178e-07
1.0054316520690918,8.858682966860192e-08
1.0077543258666992,8.451834683780458e-08
1.0052093267440796,1.0389468819245115e-07
1.007798433303833,1.0279006261784684e-07
1.0101813077926636,1.0269920702873567e-07
1.0101035833358765,9.227224423034516e-08
1.0034728050231934,8.942075630652413e-08
1.0222731828689575,1.5483816133703317e-07
1.0233079195022583,1.568253642305912e-07
1.0229867696762085,1.5065784404657417e-07
1.0231950283050537,2.015864329998375e-07
1.0244649648666382,1.9708056300067264e-07
1.008269190788269,1.9470467933681984e-07
1.0214087963104248,1.7283166290748414e-07
1.0192118883132935,1.7765541302037363e-07
1.0140163898468018,1.84972300893739e-07
0.9876205325126648,1.967650243776646e-07
1.0013881921768188,2.0261815758581062e-07
0.9714269042015076,1.9951492972536747e-07
0.9940619468688965,1.5139317211193895e-07
0.9906439781188965,1.761148820675698e-07
0.9901058077812195,1.8025874031673064e-07
0.9369597434997559,1.3745492476917656e-07
0.9316514730453491,1.4999285055292653e-07
0.9443150758743286,1.661162235219206e-07
0.944088876247406,1.7799530533627213e-07
0.9338563084602356,1.8732509597576413e-07
0.9680286645889282,2.0842687119358022e-07
0.949202299118042,1.9131698391532462e-07
0.9377610087394714,1.8380660050877802e-07
0.9328781962394714,1.5605030456874135e-07
